Anuj 2009EE3214 anuj_69@gmail.com
Vinayak 2010EET2342 vinayak345@yahoo.com
Narendra 2012EET2389 naren@gmail.com
Varun 2010EET3243 varun_21@gmail.com
Vinod 2013EEE2135 vinod2134@gmail.com
Abhinav 2013CS3245 abhi21@yahoo.com
Santosh 2012EET2134 sattu@gmail.com


harshit	2013eet2369	harshit.knit@gmail.com
ram	2010eet2345	ram@gmail.com
shyam	2013eet2345	rfahgv@gmail.com
565	gh	5654
vgv	67y	66
